measure_id,measure_name,location_id,location_name,sex_id,sex_name,age_id,age_name,cause_id,cause_name,metric_id,metric_name,year,val,upper,lower
1,death,1,global,3,all,22,all,545,Epilepsy,1,Number,2015,134422.5010933486,146616.8637770299,113374.3935656376
1,death,1,global,3,all,22,all,545,Epilepsy,2,Percent,2015,0.002455284289863242,0.002675236621024733,0.0020780117597366415
1,death,1,global,3,all,22,all,545,Epilepsy,3,Rate,2015,1.817401702942391,1.982270347160145,1.5328298034952006
1,death,1,global,3,all,22,all,545,Epilepsy,1,Number,2019,140647.32772867102,153210.0362355013,118903.77725925001
1,death,1,global,3,all,22,all,545,Epilepsy,2,Percent,2019,0.002468509356731539,0.0026685443773199757,0.0020896925973484266
1,death,1,global,3,all,22,all,545,Epilepsy,3,Rate,2019,1.8158988128066849,1.9780960463524122,1.5351676526683693
1,death,1,global,3,all,22,all,545,Epilepsy,1,Number,2018,139519.7188607688,153191.53843613074,118342.08865481456
1,death,1,global,3,all,22,all,545,Epilepsy,2,Percent,2018,0.002473900225811607,0.0026888948049414744,0.002084124885723119
1,death,1,global,3,all,22,all,545,Epilepsy,3,Rate,2018,1.820924374724159,1.9993604389227315,1.5445271503332456
1,death,1,global,3,all,22,all,545,Epilepsy,1,Number,2016,137296.45743727326,150593.2510672279,117277.97629758337
1,death,1,global,3,all,22,all,545,Epilepsy,2,Percent,2016,0.002480938105157827,0.0026976973870443143,0.0020984867598594793
1,death,1,global,3,all,22,all,545,Epilepsy,3,Rate,2016,1.8338930486822087,2.0115006713615973,1.5665026578993624
1,death,1,global,3,all,22,all,545,Epilepsy,1,Number,2021,139850.92648451487,153369.61685194672,116952.54624191058
1,death,1,global,3,all,22,all,545,Epilepsy,2,Percent,2021,0.0020604279979731855,0.0022206532212429727,0.0017198015049266506
1,death,1,global,3,all,22,all,545,Epilepsy,3,Rate,2021,1.7722046036313914,1.9435147687226668,1.4820340920607098
1,death,1,global,3,all,22,all,545,Epilepsy,1,Number,2017,139769.28245681679,152581.8340845087,117874.94596169768
1,death,1,global,3,all,22,all,545,Epilepsy,2,Percent,2017,0.002503737490910392,0.0027248694871435386,0.0021183857547233307
1,death,1,global,3,all,22,all,545,Epilepsy,3,Rate,2017,1.8450039300889218,2.014134140189718,1.5559909497678384
1,death,1,global,3,all,22,all,545,Epilepsy,1,Number,2020,140458.00924945463,153673.19401691042,117685.39492200188
1,death,1,global,3,all,22,all,545,Epilepsy,2,Percent,2020,0.002225061031898263,0.0024072186103013433,0.001863363864189956
1,death,1,global,3,all,22,all,545,Epilepsy,3,Rate,2020,1.7955954857749232,1.9645365539199402,1.5044735789205732
5,prevalence,1,global,3,all,22,all,567,Depression,1,Number,2015,270559393.8940838,301120071.2329674,244240052.68266016
5,prevalence,1,global,3,all,22,all,567,Depression,2,Percent,2015,0.0378785668857998,0.0421740980870027,0.034205926800256
5,prevalence,1,global,3,all,22,all,567,Depression,3,Rate,2015,3657.98210277833,4071.16461751364,3302.1427518593405
5,prevalence,1,global,3,all,22,all,567,Depression,1,Number,2016,275142497.0406152,306318873.01976633,248039292.0668018
5,prevalence,1,global,3,all,22,all,567,Depression,2,Percent,2016,0.0380659026046927,0.0424353635032408,0.0343287145675613
5,prevalence,1,global,3,all,22,all,567,Depression,3,Rate,2016,3675.1269634934197,4091.55532776778,3313.10466425679
5,prevalence,1,global,3,all,22,all,567,Depression,1,Number,2017,279636811.896842,312274513.5863458,251731597.686952
5,prevalence,1,global,3,all,22,all,567,Depression,2,Percent,2017,0.0382394592122489,0.0427340065834424,0.0344475023687373
5,prevalence,1,global,3,all,22,all,567,Depression,3,Rate,2017,3691.30475508172,4122.13395322696,3322.94606437208
5,prevalence,1,global,3,all,22,all,567,Depression,1,Number,2018,284143598.8479649,317638455.54649687,255888035.3207896
5,prevalence,1,global,3,all,22,all,567,Depression,2,Percent,2018,0.0384182473947178,0.0430331786666776,0.0346197119252661
5,prevalence,1,global,3,all,22,all,567,Depression,3,Rate,2018,3708.46507783201,4145.61906214526,3339.6910810929203
5,prevalence,1,global,3,all,22,all,567,Depression,1,Number,2019,288755900.0362976,322807718.57369924,260340315.43758985
5,prevalence,1,global,3,all,22,all,567,Depression,2,Percent,2019,0.0386185047152759,0.0432318247245947,0.0348418732365378
5,prevalence,1,global,3,all,22,all,567,Depression,3,Rate,2019,3728.12981614829,4167.773127219681,3361.2559681250596
5,prevalence,1,global,3,all,22,all,567,Depression,1,Number,2020,325299034.0529811,368443332.6700124,291525167.999707
5,prevalence,1,global,3,all,22,all,567,Depression,2,Percent,2020,0.043046291389245,0.0487954544559423,0.0385629120620181
5,prevalence,1,global,3,all,22,all,567,Depression,3,Rate,2020,4158.57721602119,4710.12787694563,3726.81685043947
5,prevalence,1,global,3,all,22,all,567,Depression,1,Number,2021,332410333.2661122,376102441.5301885,297742040.8388543
5,prevalence,1,global,3,all,22,all,567,Depression,2,Percent,2021,0.0435904771761116,0.0493763068290703,0.0390310051506687
5,prevalence,1,global,3,all,22,all,567,Depression,3,Rate,2021,4212.336219124551,4766.00688369846,3773.0162304477
5,prevalence,1,global,3,all,22,all,547,Migraine,1,Number,2015,1075794367.1970365,1235481072.156322,925182715.024916
5,prevalence,1,global,3,all,22,all,547,Migraine,2,Percent,2015,0.150611677203219,0.1729687073569107,0.1293995997478678
5,prevalence,1,global,3,all,22,all,547,Migraine,3,Rate,2015,14544.81577903381,16703.791301507757,12508.53561080146
5,prevalence,1,global,3,all,22,all,547,Migraine,1,Number,2016,1089698037.4872649,1251874617.0384378,936286227.1636584
5,prevalence,1,global,3,all,22,all,547,Migraine,2,Percent,2016,0.1507589090835843,0.1731248436764232,0.1293981230505591
5,prevalence,1,global,3,all,22,all,547,Migraine,3,Rate,2016,14555.28928722395,16721.51052446041,12506.14062170392
5,prevalence,1,global,3,all,22,all,547,Migraine,1,Number,2017,1105178845.0763748,1270776952.438207,948614440.4816688
5,prevalence,1,global,3,all,22,all,547,Migraine,2,Percent,2017,0.1511291323570456,0.1736083546480189,0.1297111116701901
5,prevalence,1,global,3,all,22,all,547,Migraine,3,Rate,2017,14588.75138210024,16774.70493017163,12522.045903530521
5,prevalence,1,global,3,all,22,all,547,Migraine,1,Number,2018,1120624600.950235,1287772857.1304808,962781346.51923
5,prevalence,1,global,3,all,22,all,547,Migraine,2,Percent,2018,0.1515157947863859,0.1742649249643683,0.1301716424202681
5,prevalence,1,global,3,all,22,all,547,Migraine,3,Rate,2018,14625.693539578899,16807.20835595395,12565.62180401277
5,prevalence,1,global,3,all,22,all,547,Migraine,1,Number,2019,1134269445.2652776,1303115775.7674503,974336099.0058428
5,prevalence,1,global,3,all,22,all,547,Migraine,2,Percent,2019,0.1516976220839905,0.1744131341532835,0.1302813553648248
5,prevalence,1,global,3,all,22,all,547,Migraine,3,Rate,2019,14644.56219910279,16824.53857019425,12579.661441365131
5,prevalence,1,global,3,all,22,all,547,Migraine,1,Number,2020,1146117440.5581422,1316896412.249147,984344137.9193618
5,prevalence,1,global,3,all,22,all,547,Migraine,2,Percent,2020,0.1516632119706888,0.1744286907221348,0.1301382141737528
5,prevalence,1,global,3,all,22,all,547,Migraine,3,Rate,2020,14651.80457441306,16835.018990395838,12583.717368213229
5,prevalence,1,global,3,all,22,all,547,Migraine,1,Number,2021,1158432823.8189986,1331312506.1266084,995861966.382874
5,prevalence,1,global,3,all,22,all,547,Migraine,2,Percent,2021,0.1519099031391934,0.1747297870922,0.1304773387660258
5,prevalence,1,global,3,all,22,all,547,Migraine,3,Rate,2021,14679.77392053287,16870.52214481297,12619.6601321805
5,prevalence,1,global,3,all,22,all,570,Bipolar disorder,1,Number,2015,34664163.751742244,41522859.582032114,28872897.347726528
5,prevalence,1,global,3,all,22,all,570,Bipolar disorder,2,Percent,2015,0.0048530403928713,0.0057969984516706,0.0040468065365318
5,prevalence,1,global,3,all,22,all,570,Bipolar disorder,3,Rate,2015,468.66194068016,561.3919924240801,390.36361012357
5,prevalence,1,global,3,all,22,all,570,Bipolar disorder,1,Number,2016,35140815.5995236,42064076.045414254,29302798.75367564
5,prevalence,1,global,3,all,22,all,570,Bipolar disorder,2,Percent,2016,0.0048617478610022,0.0058033782109264,0.0040544790663017
5,prevalence,1,global,3,all,22,all,570,Bipolar disorder,3,Rate,2016,469.382085,561.85729842424,391.40266212512995
5,prevalence,1,global,3,all,22,all,570,Bipolar disorder,1,Number,2017,35615486.37352595,42609006.130384766,29727995.43938276
5,prevalence,1,global,3,all,22,all,570,Bipolar disorder,2,Percent,2017,0.0048703288317375,0.0058132361134188,0.0040619642646369
5,prevalence,1,global,3,all,22,all,570,Bipolar disorder,3,Rate,2017,470.1370085,562.45394113711,392.42004720366
5,prevalence,1,global,3,all,22,all,570,Bipolar disorder,1,Number,2018,36091686.86581291,43179466.02772193,30141203.885562547
5,prevalence,1,global,3,all,22,all,570,Bipolar disorder,2,Percent,2018,0.0048798752090696,0.0058242470306782,0.0040719055958688
5,prevalence,1,global,3,all,22,all,570,Bipolar disorder,3,Rate,2018,471.0461924,563.55146655589,393.38419892834
5,prevalence,1,global,3,all,22,all,570,Bipolar disorder,1,Number,2019,36568739.84488388,43750983.65286981,30551964.72573787
5,prevalence,1,global,3,all,22,all,570,Bipolar disorder,2,Percent,2019,0.0048907593708173,0.0058369438809756,0.0040828315304979
5,prevalence,1,global,3,all,22,all,570,Bipolar disorder,3,Rate,2019,472.13930291136006,564.8693121822799,394.45666953165
5,prevalence,1,global,3,all,22,all,570,Bipolar disorder,1,Number,2020,37033171.34796816,44305704.69562197,30950795.1650982
5,prevalence,1,global,3,all,22,all,570,Bipolar disorder,2,Percent,2020,0.0049005568956378,0.0058485840413408,0.0040927945533969
5,prevalence,1,global,3,all,22,all,570,Bipolar disorder,3,Rate,2020,473.42686723006005,566.39791330265,395.67062338818
5,prevalence,1,global,3,all,22,all,570,Bipolar disorder,1,Number,2021,37469253.05615445,44824637.94184126,31321119.47879684
5,prevalence,1,global,3,all,22,all,570,Bipolar disorder,2,Percent,2021,0.0049135292904249,0.0058630027940645,0.0041044412719492
5,prevalence,1,global,3,all,22,all,570,Bipolar disorder,3,Rate,2021,474.81403541576,568.0221912969399,396.90428606033004
5,prevalence,1,global,3,all,22,all,575,Autism spectrum disorder,1,Number,2015,58078997.69051229,68624624.1217196,48983544.04648955
5,prevalence,1,global,3,all,22,all,575,Autism spectrum disorder,2,Percent,2015,0.0081311610471018,0.0096117779793111,0.0068540204030624
5,prevalence,1,global,3,all,22,all,575,Autism spectrum disorder,3,Rate,2015,785.23214825934,927.80976196823,662.26097299307
5,prevalence,1,global,3,all,22,all,575,Autism spectrum disorder,1,Number,2016,58760780.16768666,69440368.6870462,49551489.98293171
5,prevalence,1,global,3,all,22,all,575,Autism spectrum disorder,2,Percent,2016,0.0081295883355235,0.009611378535091,0.0068515762028199
5,prevalence,1,global,3,all,22,all,575,Autism spectrum disorder,3,Rate,2016,784.87812647239,927.52727790725,661.86800976319
5,prevalence,1,global,3,all,22,all,575,Autism spectrum disorder,1,Number,2017,59436907.20463329,70249016.23164968,50113932.72425956
5,prevalence,1,global,3,all,22,all,575,Autism spectrum disorder,2,Percent,2017,0.00812785896998,0.0096106502128579,0.0068488785089858
5,prevalence,1,global,3,all,22,all,575,Autism spectrum disorder,3,Rate,2017,784.58818316363,927.31184387612,661.52162480362
5,prevalence,1,global,3,all,22,all,575,Autism spectrum disorder,1,Number,2018,60094322.897641525,71030038.84324113,50661264.39487855
5,prevalence,1,global,3,all,22,all,575,Autism spectrum disorder,2,Percent,2018,0.0081252307161204,0.0096079471726901,0.0068453334957469
5,prevalence,1,global,3,all,22,all,575,Autism spectrum disorder,3,Rate,2018,784.31363136604,927.03977705355,661.19923365842
5,prevalence,1,global,3,all,22,all,575,Autism spectrum disorder,1,Number,2019,60717999.10620572,71768079.71976247,51180701.35116056
5,prevalence,1,global,3,all,22,all,575,Autism spectrum disorder,2,Percent,2019,0.0081205355431166,0.0096022502012555,0.0068399294701905
5,prevalence,1,global,3,all,22,all,575,Autism spectrum disorder,3,Rate,2019,783.9305891801899,926.5982714719199,660.79445889991
5,prevalence,1,global,3,all,22,all,575,Autism spectrum disorder,1,Number,2020,61323837.22486585,72262839.99331546,51740181.12723373
5,prevalence,1,global,3,all,22,all,575,Autism spectrum disorder,2,Percent,2020,0.0081149355235126,0.0095655460360918,0.006836860476531
5,prevalence,1,global,3,all,22,all,575,Autism spectrum disorder,3,Rate,2020,783.95533212922,923.7980089182901,661.439217
5,prevalence,1,global,3,all,22,all,575,Autism spectrum disorder,1,Number,2021,61823539.64212848,72711237.69220328,52067672.515298985
5,prevalence,1,global,3,all,22,all,575,Autism spectrum disorder,2,Percent,2021,0.0081072490646485,0.0095368510096157,0.0068269477326982
5,prevalence,1,global,3,all,22,all,575,Autism spectrum disorder,3,Rate,2021,783.4339344094301,921.4039078112701,659.8066330450899
5,prevalence,1,global,3,all,22,all,545,Epilepsy,1,Number,2015,22264948.55226463,27702374.835598312,16986179.27649492
5,prevalence,1,global,3,all,22,all,545,Epilepsy,2,Percent,2015,0.0031171708634798,0.0038773673870052,0.0023766586523665
5,prevalence,1,global,3,all,22,all,545,Epilepsy,3,Rate,2015,301.02367598941,374.53806313871,229.65434278111002
5,prevalence,1,global,3,all,22,all,545,Epilepsy,1,Number,2016,22496335.79793511,27828131.62060015,17301772.639306486
5,prevalence,1,global,3,all,22,all,545,Epilepsy,2,Percent,2016,0.0031124205924809,0.0038475153112042,0.0023951343018182
5,prevalence,1,global,3,all,22,all,545,Epilepsy,3,Rate,2016,300.4875334,371.70527258613004,231.10283517402002
5,prevalence,1,global,3,all,22,all,545,Epilepsy,1,Number,2017,22700905.38158852,28089358.13541677,17663163.140902422
5,prevalence,1,global,3,all,22,all,545,Epilepsy,2,Percent,2017,0.0031043349365355,0.0038370269717275,0.0024183921121506
5,prevalence,1,global,3,all,22,all,545,Epilepsy,3,Rate,2017,299.65997470544,370.78945561254,233.15999653095997
5,prevalence,1,global,3,all,22,all,545,Epilepsy,1,Number,2018,22907923.96846585,28429441.29890366,17878846.586926308
5,prevalence,1,global,3,all,22,all,545,Epilepsy,2,Percent,2018,0.0030973715473267,0.0038468620043838,0.0024158412120602
5,prevalence,1,global,3,all,22,all,545,Epilepsy,3,Rate,2018,298.97993967529,371.04334099629,233.3435575
5,prevalence,1,global,3,all,22,all,545,Epilepsy,1,Number,2019,23150547.15534604,28826748.9194289,17871002.589498945
5,prevalence,1,global,3,all,22,all,545,Epilepsy,2,Percent,2019,0.0030962329566244,0.0038624963642814,0.0023885429592772
5,prevalence,1,global,3,all,22,all,545,Epilepsy,3,Rate,2019,298.89690599964,372.18239397231997,230.73266239754003
5,prevalence,1,global,3,all,22,all,545,Epilepsy,1,Number,2020,23614563.79241335,29462617.796505436,17918211.052231316
5,prevalence,1,global,3,all,22,all,545,Epilepsy,2,Percent,2020,0.0031249434682421,0.0039052426921356,0.0023684696621382
5,prevalence,1,global,3,all,22,all,545,Epilepsy,3,Rate,2020,301.88527069962004,376.64597268042,229.06389639488
5,prevalence,1,global,3,all,22,all,545,Epilepsy,1,Number,2021,24220856.231397998,30677995.495970763,18476943.492427777
5,prevalence,1,global,3,all,22,all,545,Epilepsy,2,Percent,2021,0.0031762554874707,0.0040221338980188,0.0024204944108641
5,prevalence,1,global,3,all,22,all,545,Epilepsy,3,Rate,2021,306.92905650453,388.75455611774004,234.14163310489
5,prevalence,1,global,3,all,22,all,571,Anxiety disorder,1,Number,2015,278454556.9343028,325103793.1300839,239277007.58965564
5,prevalence,1,global,3,all,22,all,571,Anxiety disorder,2,Percent,2015,0.0389839793924144,0.0454768751790515,0.0334850182962681
5,prevalence,1,global,3,all,22,all,571,Anxiety disorder,3,Rate,2015,3764.72526435912,4395.4262304444,3235.0420318873003
5,prevalence,1,global,3,all,22,all,571,Anxiety disorder,1,Number,2016,282252108.89754266,329268558.27120817,242800506.21840656
5,prevalence,1,global,3,all,22,all,571,Anxiety disorder,2,Percent,2016,0.039049598465036,0.0455505932566611,0.0335773393206735
5,prevalence,1,global,3,all,22,all,571,Anxiety disorder,3,Rate,2016,3770.09130566667,4398.09832995188,3243.12927574179
5,prevalence,1,global,3,all,22,all,571,Anxiety disorder,1,Number,2017,286491518.55113745,334320659.55882233,246701592.1501395
5,prevalence,1,global,3,all,22,all,571,Anxiety disorder,2,Percent,2017,0.03917690454582,0.0457619221687016,0.0337212925559238
5,prevalence,1,global,3,all,22,all,571,Anxiety disorder,3,Rate,2017,3781.78930572461,4413.15087230645,3256.54821342328
5,prevalence,1,global,3,all,22,all,571,Anxiety disorder,1,Number,2018,290897040.86330193,339706973.40532684,250766855.8800947
5,prevalence,1,global,3,all,22,all,571,Anxiety disorder,2,Percent,2018,0.0393314513085046,0.0459565460107624,0.033892355275633
5,prevalence,1,global,3,all,22,all,571,Anxiety disorder,3,Rate,2018,3796.60679198846,4433.6435966792005,3272.85264028296
5,prevalence,1,global,3,all,22,all,571,Anxiety disorder,1,Number,2019,295114825.4926643,344488877.68302244,254462839.0774972
5,prevalence,1,global,3,all,22,all,571,Anxiety disorder,2,Percent,2019,0.0394690485171156,0.0461195875226908,0.0340420920478455
5,prevalence,1,global,3,all,22,all,571,Anxiety disorder,3,Rate,2019,3810.22995536471,4447.6987519912,3285.3718221768304
5,prevalence,1,global,3,all,22,all,571,Anxiety disorder,1,Number,2020,341929766.17128223,398733613.71819305,292995814.68482274
5,prevalence,1,global,3,all,22,all,571,Anxiety disorder,2,Percent,2020,0.0452470841084284,0.0528510216378002,0.0387799440045428
5,prevalence,1,global,3,all,22,all,571,Anxiety disorder,3,Rate,2020,4371.18216234162,5097.3545805248505,3745.61739134898
5,prevalence,1,global,3,all,22,all,571,Anxiety disorder,1,Number,2021,359213270.2202836,419966576.5162368,307185425.2628135
5,prevalence,1,global,3,all,22,all,571,Anxiety disorder,2,Percent,2021,0.0471052944536694,0.0551973823193694,0.0402960670156611
5,prevalence,1,global,3,all,22,all,571,Anxiety disorder,3,Rate,2021,4551.98565481338,5321.85748769994,3892.6837204721896
5,prevalence,1,global,3,all,22,all,578,Attention deficit hyperactivity disorder,1,Number,2015,82103488.97105436,112631734.27322832,61727804.62053086
5,prevalence,1,global,3,all,22,all,578,Attention deficit hyperactivity disorder,2,Percent,2015,0.0114943726374968,0.0157594081723612,0.0086373590542099
5,prevalence,1,global,3,all,22,all,578,Attention deficit hyperactivity disorder,3,Rate,2015,1110.04496613171,1522.7889974415,834.56427550282
5,prevalence,1,global,3,all,22,all,578,Attention deficit hyperactivity disorder,1,Number,2016,82362433.29948471,113260095.45143044,61825219.72258853
5,prevalence,1,global,3,all,22,all,578,Attention deficit hyperactivity disorder,2,Percent,2016,0.0113946256045305,0.0156607700347841,0.0085542421801857
5,prevalence,1,global,3,all,22,all,578,Attention deficit hyperactivity disorder,3,Rate,2016,1100.12957886757,1512.83511329021,825.81038723672
5,prevalence,1,global,3,all,22,all,578,Attention deficit hyperactivity disorder,1,Number,2017,82687959.54741077,113897484.2917157,61925155.43343396
5,prevalence,1,global,3,all,22,all,578,Attention deficit hyperactivity disorder,2,Percent,2017,0.0113071149912419,0.0155750950859924,0.0084683794489706
5,prevalence,1,global,3,all,22,all,578,Attention deficit hyperactivity disorder,3,Rate,2017,1091.5102922070198,1503.48704988438,817.43393925881
5,prevalence,1,global,3,all,22,all,578,Attention deficit hyperactivity disorder,1,Number,2018,83081315.4192028,114305772.25796494,62138788.63000628
5,prevalence,1,global,3,all,22,all,578,Attention deficit hyperactivity disorder,2,Percent,2018,0.0112329764436777,0.0154562707630261,0.0083945155665082
5,prevalence,1,global,3,all,22,all,578,Attention deficit hyperactivity disorder,3,Rate,2018,1084.3255244940901,1491.84766551822,810.99672330279
5,prevalence,1,global,3,all,22,all,578,Attention deficit hyperactivity disorder,1,Number,2019,83499749.58556545,114517376.81452644,62426226.41348928
5,prevalence,1,global,3,all,22,all,578,Attention deficit hyperactivity disorder,2,Percent,2019,0.0111671213897986,0.0153186891092921,0.008341837229431
5,prevalence,1,global,3,all,22,all,578,Attention deficit hyperactivity disorder,3,Rate,2019,1078.06595824269,1478.5348002089502,805.9855260879401
5,prevalence,1,global,3,all,22,all,578,Attention deficit hyperactivity disorder,1,Number,2020,83835282.75430988,114608800.71225844,62814790.049572766
5,prevalence,1,global,3,all,22,all,578,Attention deficit hyperactivity disorder,2,Percent,2020,0.0110935688591457,0.0151686796666701,0.0083150637367452
5,prevalence,1,global,3,all,22,all,578,Attention deficit hyperactivity disorder,3,Rate,2020,1071.73849370848,1465.1428301501999,803.0154638785701
5,prevalence,1,global,3,all,22,all,578,Attention deficit hyperactivity disorder,1,Number,2021,84800601.05781388,117240210.9097764,63395826.8954242
5,prevalence,1,global,3,all,22,all,578,Attention deficit hyperactivity disorder,2,Percent,2021,0.0111200573079158,0.0153657334590468,0.0083113894306991
5,prevalence,1,global,3,all,22,all,578,Attention deficit hyperactivity disorder,3,Rate,2021,1074.60150149242,1485.67940683629,803.35811209323
6,incidence,1,global,3,all,22,all,545,Epilepsy,1,Number,2015,3043941.2805755804,3856743.384599844,2271838.467230934
6,incidence,1,global,3,all,22,all,545,Epilepsy,2,Percent,2015,9.33642727102e-05,0.0001186175792285,6.83417150377e-05
6,incidence,1,global,3,all,22,all,545,Epilepsy,3,Rate,2015,41.15430097,52.14344279,30.715416433799998
6,incidence,1,global,3,all,22,all,545,Epilepsy,1,Number,2016,3075319.7584816013,3876010.742238648,2310983.5340283653
6,incidence,1,global,3,all,22,all,545,Epilepsy,2,Percent,2016,9.34090196941e-05,0.0001179944288335,6.97502842347e-05
6,incidence,1,global,3,all,22,all,545,Epilepsy,3,Rate,2016,41.07758957,51.77256055608999,30.86821552
6,incidence,1,global,3,all,22,all,545,Epilepsy,1,Number,2017,3101161.098119892,3912808.442034603,2343789.654515147
6,incidence,1,global,3,all,22,all,545,Epilepsy,2,Percent,2017,9.33625718857e-05,0.0001180240547259,6.95759481166e-05
6,incidence,1,global,3,all,22,all,545,Epilepsy,3,Rate,2017,40.93642261,51.650454422760006,30.93885186
6,incidence,1,global,3,all,22,all,545,Epilepsy,1,Number,2018,3125207.493623456,3922281.338980908,2355775.298347609
6,incidence,1,global,3,all,22,all,545,Epilepsy,2,Percent,2018,9.32799284787e-05,0.0001182317793925,7.00683958943e-05
6,incidence,1,global,3,all,22,all,545,Epilepsy,3,Rate,2018,40.78825952,51.19117034,30.746110278609997
6,incidence,1,global,3,all,22,all,545,Epilepsy,1,Number,2019,3151982.3076181305,3988709.1367660486,2385519.1123576947
6,incidence,1,global,3,all,22,all,545,Epilepsy,2,Percent,2019,9.32301320731e-05,0.0001184953529419,7.02244587491e-05
6,incidence,1,global,3,all,22,all,545,Epilepsy,3,Rate,2019,40.69526967,51.49825669,30.799457010759998
6,incidence,1,global,3,all,22,all,545,Epilepsy,1,Number,2020,3205080.9493212737,4063340.435511753,2393313.429171948
6,incidence,1,global,3,all,22,all,545,Epilepsy,2,Percent,2020,8.95559410579e-05,0.0001138104123854,6.65931423861e-05
6,incidence,1,global,3,all,22,all,545,Epilepsy,3,Rate,2020,40.97330522,51.945174092660004,30.595783127129998
6,incidence,1,global,3,all,22,all,545,Epilepsy,1,Number,2021,3272733.660133112,4125118.7483812585,2403802.4268406974
6,incidence,1,global,3,all,22,all,545,Epilepsy,2,Percent,2021,8.89377645221e-05,0.0001128101209497,6.52089619763e-05
6,incidence,1,global,3,all,22,all,545,Epilepsy,3,Rate,2021,41.472400682229996,52.273907797220005,30.4612192
6,incidence,1,global,3,all,22,all,547,Migraine,1,Number,2015,84866057.1304634,95902710.59093198,74094659.65666705
6,incidence,1,global,3,all,22,all,547,Migraine,2,Percent,2015,0.0026030773462878,0.0029963025749057,0.0022578385528121
6,incidence,1,global,3,all,22,all,547,Migraine,3,Rate,2015,1147.39508264173,1296.61141644518,1001.76502850107
6,incidence,1,global,3,all,22,all,547,Migraine,1,Number,2016,85750507.07501999,96935000.00286028,74944075.43523666
6,incidence,1,global,3,all,22,all,547,Migraine,2,Percent,2016,0.0026046029731234,0.0029924633964144,0.0022607281116144
6,incidence,1,global,3,all,22,all,547,Migraine,3,Rate,2016,1145.38467911817,1294.7779279772901,1001.0412617047101
6,incidence,1,global,3,all,22,all,547,Migraine,1,Number,2017,86754958.72469784,98163642.28826216,75842634.9728558
6,incidence,1,global,3,all,22,all,547,Migraine,2,Percent,2017,0.0026118357329784,0.0029967865360063,0.0022684167434157
6,incidence,1,global,3,all,22,all,547,Migraine,3,Rate,2017,1145.1961188340701,1295.79477428914,1001.14958833283
6,incidence,1,global,3,all,22,all,547,Migraine,1,Number,2018,87765793.18220116,99353312.78920417,76743933.39891177
6,incidence,1,global,3,all,22,all,547,Migraine,2,Percent,2018,0.0026195975697068,0.0030043586278763,0.0022743532493289
6,incidence,1,global,3,all,22,all,547,Migraine,3,Rate,2018,1145.46440730685,1296.6974879586398,1001.61396596377
6,incidence,1,global,3,all,22,all,547,Migraine,1,Number,2019,88658108.71170291,100326955.2836532,77541899.0873838
6,incidence,1,global,3,all,22,all,547,Migraine,2,Percent,2019,0.0026223296218217,0.0030096337902405,0.002276141290001
6,incidence,1,global,3,all,22,all,547,Migraine,3,Rate,2019,1144.66557562933,1295.3221503330199,1001.14410113212
6,incidence,1,global,3,all,22,all,547,Migraine,1,Number,2020,89401807.15541123,101019141.1942499,78184330.77745678
6,incidence,1,global,3,all,22,all,547,Migraine,2,Percent,2020,0.002498140665181,0.0028641070342969,0.0021700480862968
6,incidence,1,global,3,all,22,all,547,Migraine,3,Rate,2020,1142.90016073967,1291.4145293281601,999.4975164
6,incidence,1,global,3,all,22,all,547,Migraine,1,Number,2021,90183386.870021,101838162.4804554,78857600.45503128
6,incidence,1,global,3,all,22,all,547,Migraine,2,Percent,2021,0.0024507604296208,0.0028070838410748,0.0021299359469582
6,incidence,1,global,3,all,22,all,547,Migraine,3,Rate,2021,1142.8126891945801,1290.50314438358,999.29121723198
6,incidence,1,global,3,all,22,all,570,Bipolar disorder,1,Number,2015,2391817.7577059,2856268.495034437,2005386.335572217
6,incidence,1,global,3,all,22,all,570,Bipolar disorder,2,Percent,2015,7.33532647788e-05,8.81295726927e-05,6.11822731192e-05
6,incidence,1,global,3,all,22,all,570,Bipolar disorder,3,Rate,2015,32.33754491,38.61695166,27.11296481
6,incidence,1,global,3,all,22,all,570,Bipolar disorder,1,Number,2016,2418822.050642864,2885814.318596581,2028220.332547984
6,incidence,1,global,3,all,22,all,570,Bipolar disorder,2,Percent,2016,7.34593951859e-05,8.81527591436e-05,6.1319557139e-05
6,incidence,1,global,3,all,22,all,570,Bipolar disorder,3,Rate,2016,32.30863365,38.54633191,27.09129746
6,incidence,1,global,3,all,22,all,570,Bipolar disorder,1,Number,2017,2447039.4591153064,2916999.0164663303,2053304.0503066983
6,incidence,1,global,3,all,22,all,570,Bipolar disorder,2,Percent,2017,7.36600248158e-05,8.83165235957e-05,6.14983411305e-05
6,incidence,1,global,3,all,22,all,570,Bipolar disorder,3,Rate,2017,32.301785770020004,38.50541803,27.104339207389998
6,incidence,1,global,3,all,22,all,570,Bipolar disorder,1,Number,2018,2476440.887024868,2949801.7946392344,2077727.472113246
6,incidence,1,global,3,all,22,all,570,Bipolar disorder,2,Percent,2018,7.39055529725e-05,8.85430205054e-05,6.17061541847e-05
6,incidence,1,global,3,all,22,all,570,Bipolar disorder,3,Rate,2018,32.3209623,38.49897371,27.117203423979998
6,incidence,1,global,3,all,22,all,570,Bipolar disorder,1,Number,2019,2506637.4441148997,2984039.95972577,2102742.729496714
6,incidence,1,global,3,all,22,all,570,Bipolar disorder,2,Percent,2019,7.41311674743e-05,8.87515380814e-05,6.19064595079e-05
6,incidence,1,global,3,all,22,all,570,Bipolar disorder,3,Rate,2019,32.36321679,38.526964626630004,27.148528790369998
6,incidence,1,global,3,all,22,all,570,Bipolar disorder,1,Number,2020,2536650.3861572086,3018531.1407439746,2128269.388744056
6,incidence,1,global,3,all,22,all,570,Bipolar disorder,2,Percent,2020,7.08716871765e-05,8.49891186765e-05,5.93140945985e-05
6,incidence,1,global,3,all,22,all,570,Bipolar disorder,3,Rate,2020,32.42818268,38.58847864,27.2074973
6,incidence,1,global,3,all,22,all,570,Bipolar disorder,1,Number,2021,2564001.396458484,3051281.8632964743,2151042.666530573
6,incidence,1,global,3,all,22,all,570,Bipolar disorder,2,Percent,2021,6.96681897413e-05,8.35128973404e-05,5.8254257562e-05
6,incidence,1,global,3,all,22,all,570,Bipolar disorder,3,Rate,2021,32.49127619,38.66614188,27.25822282
6,incidence,1,global,3,all,22,all,571,Anxiety disorder,1,Number,2015,41874096.608089566,51078904.158183336,34650664.78571085
6,incidence,1,global,3,all,22,all,571,Anxiety disorder,2,Percent,2015,0.0012845420445111,0.0015794213109397,0.0010488245738717
6,incidence,1,global,3,all,22,all,571,Anxiety disorder,3,Rate,2015,566.1407418082999,690.59038960336,468.4794337
6,incidence,1,global,3,all,22,all,571,Anxiety disorder,1,Number,2016,42373977.30212244,51660075.41535536,35070465.97732514
6,incidence,1,global,3,all,22,all,571,Anxiety disorder,2,Percent,2016,0.0012872203580784,0.0015810390331706,0.0010518486737904
6,incidence,1,global,3,all,22,all,571,Anxiety disorder,3,Rate,2016,565.9967043,690.03275806954,468.44241264743005
6,incidence,1,global,3,all,22,all,571,Anxiety disorder,1,Number,2017,42917632.35697831,52316232.262097634,35542560.24066389
6,incidence,1,global,3,all,22,all,571,Anxiety disorder,2,Percent,2017,0.0012922159631732,0.00158631642794,0.0010562007414032
6,incidence,1,global,3,all,22,all,571,Anxiety disorder,3,Rate,2017,566.5279164125401,690.5927571,469.17435774706996
6,incidence,1,global,3,all,22,all,571,Anxiety disorder,1,Number,2018,43487765.04867594,53009557.41994819,36089048.24326323
6,incidence,1,global,3,all,22,all,571,Anxiety disorder,2,Percent,2018,0.0012981439787212,0.0015913650464696,0.001062394769154
6,incidence,1,global,3,all,22,all,571,Anxiety disorder,3,Rate,2018,567.57519314123,691.84768997169,471.01175477807
6,incidence,1,global,3,all,22,all,571,Anxiety disorder,1,Number,2019,44048160.12924483,53668008.11797817,36627314.93266389
6,incidence,1,global,3,all,22,all,571,Anxiety disorder,2,Percent,2019,0.001302993937419,0.0015951923720708,0.0010686675523946
6,incidence,1,global,3,all,22,all,571,Anxiety disorder,3,Rate,2019,568.70616012926,692.90809716016,472.89556635467
6,incidence,1,global,3,all,22,all,571,Anxiety disorder,1,Number,2020,51575540.45297249,62945156.17659277,42991139.399445295
6,incidence,1,global,3,all,22,all,571,Anxiety disorder,2,Percent,2020,0.0014413332960945,0.0017758570724592,0.0011818612091664
6,incidence,1,global,3,all,22,all,571,Anxiety disorder,3,Rate,2020,659.33447375923,804.6820461576899,549.592695
6,incidence,1,global,3,all,22,all,571,Anxiety disorder,1,Number,2021,53917371.009163365,65978474.7685382,44990957.61972459
6,incidence,1,global,3,all,22,all,571,Anxiety disorder,2,Percent,2021,0.0014653921967415,0.0018079455542056,0.001202377267311
6,incidence,1,global,3,all,22,all,571,Anxiety disorder,3,Rate,2021,683.24619307202,836.08567826204,570.12981050425
6,incidence,1,global,3,all,22,all,567,Depression,1,Number,2015,278851914.1044661,320169972.4572345,246305253.20386755
6,incidence,1,global,3,all,22,all,567,Depression,2,Percent,2015,0.0085522237540405,0.0099244807085775,0.0074512212911179
6,incidence,1,global,3,all,22,all,567,Depression,3,Rate,2015,3770.09756134703,4328.72062669565,3330.06440867745
6,incidence,1,global,3,all,22,all,567,Depression,1,Number,2016,283568460.1598347,327221834.5189716,249773930.3239444
6,incidence,1,global,3,all,22,all,567,Depression,2,Percent,2016,0.0086122126378726,0.0100098992919942,0.0074969375417759
6,incidence,1,global,3,all,22,all,567,Depression,3,Rate,2016,3787.67404213781,4370.75987904164,3336.27453404899
6,incidence,1,global,3,all,22,all,567,Depression,1,Number,2017,288238533.4951879,334144334.6133356,253084952.07049105
6,incidence,1,global,3,all,22,all,567,Depression,2,Percent,2017,0.0086767124423158,0.0101019923011771,0.0075333874062514
6,incidence,1,global,3,all,22,all,567,Depression,3,Rate,2017,3804.85052047108,4410.82332070371,3340.8108205799003
6,incidence,1,global,3,all,22,all,567,Depression,1,Number,2018,292938066.2526246,340447759.32811946,256529361.94006032
6,incidence,1,global,3,all,22,all,567,Depression,2,Percent,2018,0.0087425150771392,0.0101963809724769,0.0075764732688362
6,incidence,1,global,3,all,22,all,567,Depression,3,Rate,2018,3823.244983,4443.3118726353105,3348.06127623612
6,incidence,1,global,3,all,22,all,567,Depression,1,Number,2019,297745568.8201564,347519722.31998825,260963122.79244125
6,incidence,1,global,3,all,22,all,567,Depression,2,Percent,2019,0.0088057307337373,0.0102850400313586,0.0076075796957031
6,incidence,1,global,3,all,22,all,567,Depression,3,Rate,2019,3844.19550424743,4486.830012193211,3369.29703904014
6,incidence,1,global,3,all,22,all,567,Depression,1,Number,2020,351369469.0751179,410846959.67850506,305932145.26451063
6,incidence,1,global,3,all,22,all,567,Depression,2,Percent,2020,0.0098169096454099,0.0114780939486549,0.0084677706830087
6,incidence,1,global,3,all,22,all,567,Depression,3,Rate,2020,4491.857999994129,5252.2098959333,3910.9936266772697
6,incidence,1,global,3,all,22,all,567,Depression,1,Number,2021,357438729.6321912,418969488.7945632,311521927.86741304
6,incidence,1,global,3,all,22,all,567,Depression,2,Percent,2021,0.0097121994167194,0.0113796743009422,0.0083598372805284
6,incidence,1,global,3,all,22,all,567,Depression,3,Rate,2021,4529.4985031112,5309.22229467696,3947.63630514728
6,incidence,1,global,3,all,22,all,575,Autism spectrum disorder,1,Number,2015,1264356.4267987425,1494306.4858625997,1066062.722714687
6,incidence,1,global,3,all,22,all,575,Autism spectrum disorder,2,Percent,2015,3.8775361228e-05,4.55083219548e-05,3.23478613009e-05
6,incidence,1,global,3,all,22,all,575,Autism spectrum disorder,3,Rate,2015,17.094188134419998,20.20312916,14.41324326
6,incidence,1,global,3,all,22,all,575,Autism spectrum disorder,1,Number,2016,1263885.0327542042,1494161.0762013113,1065710.5061746477
6,incidence,1,global,3,all,22,all,575,Autism spectrum disorder,2,Percent,2016,3.83835256409e-05,4.50623554088e-05,3.20186982665e-05
6,incidence,1,global,3,all,22,all,575,Autism spectrum disorder,3,Rate,2016,16.88193577,19.95777358,14.23488359
6,incidence,1,global,3,all,22,all,575,Autism spectrum disorder,1,Number,2017,1248286.167524377,1476018.194325002,1052322.025818853
6,incidence,1,global,3,all,22,all,575,Autism spectrum disorder,2,Percent,2017,3.75748586174e-05,4.41357517602e-05,3.13368321456e-05
6,incidence,1,global,3,all,22,all,575,Autism spectrum disorder,3,Rate,2017,16.477818619900003,19.48396187,13.89102269
6,incidence,1,global,3,all,22,all,575,Autism spectrum disorder,1,Number,2018,1226642.090659595,1450592.7901930134,1033577.5155335031
6,incidence,1,global,3,all,22,all,575,Autism spectrum disorder,2,Percent,2018,3.66064679078e-05,4.30187129543e-05,3.05234152431e-05
6,incidence,1,global,3,all,22,all,575,Autism spectrum disorder,3,Rate,2018,16.00936771,18.932232597869998,13.48960926
6,incidence,1,global,3,all,22,all,575,Autism spectrum disorder,1,Number,2019,1201791.3657965749,1421367.0621411384,1012155.7769491624
6,incidence,1,global,3,all,22,all,575,Autism spectrum disorder,2,Percent,2019,3.55408516234e-05,4.17811194557e-05,2.96301683357e-05
6,incidence,1,global,3,all,22,all,575,Autism spectrum disorder,3,Rate,2019,15.51633827,18.35128191,13.06795162
6,incidence,1,global,3,all,22,all,575,Autism spectrum disorder,1,Number,2020,1178293.4161137943,1391284.8921609088,993680.8519539156
6,incidence,1,global,3,all,22,all,575,Autism spectrum disorder,2,Percent,2020,3.29197731814e-05,3.87762164845e-05,2.74965991299e-05
6,incidence,1,global,3,all,22,all,575,Autism spectrum disorder,3,Rate,2020,15.06313773,17.78599088,12.703076610599998
6,incidence,1,global,3,all,22,all,575,Autism spectrum disorder,1,Number,2021,1163706.0266784537,1371347.251320321,981645.3831362956
6,incidence,1,global,3,all,22,all,575,Autism spectrum disorder,2,Percent,2021,3.16192955805e-05,3.71292368164e-05,2.64156966415e-05
6,incidence,1,global,3,all,22,all,575,Autism spectrum disorder,3,Rate,2021,14.74659646,17.37784635,12.439506200339999
6,incidence,1,global,3,all,22,all,578,Attention deficit hyperactivity disorder,1,Number,2015,3921132.92634613,5729384.722747967,2649895.81214994
6,incidence,1,global,3,all,22,all,578,Attention deficit hyperactivity disorder,2,Percent,2015,0.0001202550992223,0.0001785349622987,8.05689500258e-05
6,incidence,1,global,3,all,22,all,578,Attention deficit hyperactivity disorder,3,Rate,2015,53.013993935849996,77.46168586,35.82677842
6,incidence,1,global,3,all,22,all,578,Attention deficit hyperactivity disorder,1,Number,2016,3961235.20042612,5785871.974857228,2682090.766835288
6,incidence,1,global,3,all,22,all,578,Attention deficit hyperactivity disorder,2,Percent,2016,0.0001203028495643,0.0001790395508508,8.04020555223e-05
6,incidence,1,global,3,all,22,all,578,Attention deficit hyperactivity disorder,3,Rate,2016,52.91091870724001,77.2829146,35.82516042
6,incidence,1,global,3,all,22,all,578,Attention deficit hyperactivity disorder,1,Number,2017,4001532.8598457593,5849996.732386448,2702649.972253808
6,incidence,1,global,3,all,22,all,578,Attention deficit hyperactivity disorder,2,Percent,2017,0.0001204540410922,0.000179699609308,8.05453518324e-05
6,incidence,1,global,3,all,22,all,578,Attention deficit hyperactivity disorder,3,Rate,2017,52.821648097650005,77.22202455747001,35.67593489
6,incidence,1,global,3,all,22,all,578,Attention deficit hyperactivity disorder,1,Number,2018,4043234.5806486215,5918582.754945949,2723715.919420956
6,incidence,1,global,3,all,22,all,578,Attention deficit hyperactivity disorder,2,Percent,2018,0.0001206657898222,0.0001804256697923,8.10184913886e-05
6,incidence,1,global,3,all,22,all,578,Attention deficit hyperactivity disorder,3,Rate,2018,52.769776636210004,77.24565165629001,35.54824184
6,incidence,1,global,3,all,22,all,578,Attention deficit hyperactivity disorder,1,Number,2019,4078368.5584287383,5994748.760344928,2743183.2362935296
6,incidence,1,global,3,all,22,all,578,Attention deficit hyperactivity disorder,2,Percent,2019,0.0001206156378899,0.00018069798021,8.12243464758e-05
6,incidence,1,global,3,all,22,all,578,Attention deficit hyperactivity disorder,3,Rate,2019,52.655850225079995,77.39825088,35.41726148
6,incidence,1,global,3,all,22,all,578,Attention deficit hyperactivity disorder,1,Number,2020,4097777.352579571,5993581.971964322,2754846.710803377
6,incidence,1,global,3,all,22,all,578,Attention deficit hyperactivity disorder,2,Percent,2020,0.0001144905017842,0.0001711196057557,7.73661536556e-05
6,incidence,1,global,3,all,22,all,578,Attention deficit hyperactivity disorder,3,Rate,2020,52.385410809389995,76.62111111,35.21757388
6,incidence,1,global,3,all,22,all,578,Attention deficit hyperactivity disorder,1,Number,2021,4111621.023858782,5954940.96555675,2775202.64795898
6,incidence,1,global,3,all,22,all,578,Attention deficit hyperactivity disorder,2,Percent,2021,0.0001117216007227,0.0001662864922658,7.47705353151e-05
6,incidence,1,global,3,all,22,all,578,Attention deficit hyperactivity disorder,3,Rate,2021,52.102863313360004,75.4615937,35.16763909
